{"cameraMode":{"drawMode":0,"name":"Shaded","section":"Shading Mode"},"sceneLighting":true,"audioPlay":false,"sceneViewState":{"showFog":true,"showMaterialUpdate":false,"showSkybox":true,"showFlares":true,"showImageEffects":true,"showParticleSystems":true},"in2DMode":false,"pivot":{"x":-0.20687496662139893,"y":1.7598497867584229,"z":1.2311469316482545},"rotation":{"x":0.03943344205617905,"y":-0.6945111751556397,"z":0.03817177936434746,"w":0.7173959612846375},"size":13.37260913848877,"orthographic":false}